id,level,recall@1,recall@3,recall@5,recall@10,mrr@10,precision@5
q001,L1,0.0,0.0,0.0,0.0,0.0,0.0
q002,L1,0.0,0.0,0.0,0.0,0.0,0.0
q003,L1,0.0,0.0,0.0,0.0,0.0,0.0
q004,L1,0.0,0.0,1.0,1.0,0.25,0.2
q005,L1,1.0,1.0,1.0,1.0,1.0,0.4
q006,L1,0.0,1.0,1.0,1.0,0.5,0.2
q007,L2,0.0,0.0,1.0,1.0,0.25,0.2
q008,L2,0.0,0.0,0.0,0.0,0.0,0.0
q009,L2,0.0,1.0,1.0,1.0,0.5,0.4
q010,L2,0.0,1.0,1.0,1.0,0.5,0.4
q011,L2,1.0,1.0,1.0,1.0,1.0,0.4
q012,L2,0.0,0.0,0.0,0.0,0.0,0.0
q013,L3,0.0,0.0,0.0,0.0,0.0,0.0
q014,L3,0.0,0.0,0.0,0.0,0.0,0.0
q015,L3,0.0,0.0,0.0,0.0,0.0,0.0
q016,L3,0.0,1.0,1.0,1.0,0.3333333333333333,0.2
q017,L3,0.0,0.0,1.0,1.0,0.2,0.2
q018,L3,0.0,0.0,1.0,1.0,0.25,0.2
q019,L4,0.0,1.0,1.0,1.0,0.3333333333333333,0.4
q020,L4,0.0,1.0,1.0,1.0,0.3333333333333333,0.2
q021,L4,1.0,1.0,1.0,1.0,1.0,0.2
q022,L4,0.0,0.0,0.0,0.0,0.0,0.0
q023,L4,0.0,0.0,0.0,0.0,0.0,0.0
q024,L4,0.0,0.0,0.0,0.0,0.0,0.0
q025,L4,0.0,1.0,1.0,1.0,0.5,0.2
